{
    "subjID":"fsMNI",
    "totalSeizType":2,
    "SeizDisplay":["seizureType3","seizureType4","intPopulation","funMapping"],
    "elecID":["G01","G02","G03","G04","G05","G06","G07","G08","G09","G10","G11","G12","G13","G14","G15","G16","G17","G18","G19","G20","G21","G22","G23","G24","G25","G26","G27","G28","G29","G30","G31","G32","G33","G34","G35","G36","G37","G38","G39","G40","G41","G42","G43","G44","G45","G46","G47","G48","G49","G50","G51","G52","G53","G54","G55","G56","G57","G58","G59","G60","G61","G62","G63","G64"],
    "coorX":[90,80,71.66666699999999,68.2,65,62.2,62,62.5,87,74,68.2,63.666667000000004,61,59.5,57.666667000000004,57.8,86.5,74.33333300000001,67,62.333332999999996,60.333332999999996,58,57.8,57,83.8,75,67,64,63,59,57,58,85,75.4,69,64.333333,63,60.2,60,60.333332999999996,91,80.2,71,66.33333300000001,61,61,59.5,60.2,95,87.66666699999999,75,69,64.142857,63,63,63,101.8,89.8,81,73.66666699999999,67,64,65,68],
    "coorY":[86,86.5,88.33333300000001,88.6,90.33333300000001,92.2,93,94.5,96,97.66666699999999,99.8,100,101.66666699999999,103.5,103.66666699999999,104.2,105.5,108.33333300000001,110,111.66666699999999,112.33333300000001,114.333333,115.8,116,117.4,120,121.666667,124,124,124,127.666667,127,130,129.8,133,133.666667,134.333333,133.8,138.5,139,140,142.2,143.666667,143.666667,145,147,148.5,149.8,151.666667,152.333333,154.333333,156,155.857143,157,158,161,161.4,163.8,165,167,166.5,168.333333,168.333333,169],
    "coorZ":[175,165.5,154.333333,143.8,130.333333,119.4,108,94.5,177,166.333333,155.4,144.333333,132.333333,120.5,109,97.4,177,169,158,145.666667,133,120.333333,109.8,98,177.8,169,157.666667,145,133,121,110.333333,100,179,168.2,156,146,133.666667,121.4,110,100.333333,176,167.4,157.666667,147,136,124,114,102.2,177.66666700000002,169.666667,157.666667,148,137.857143,126,114,105,175.8,167.8,158,146.333333,138,126.333333,115.666667,105],
    "elecType":["G","G","G","G","G","G","G","G","G","G","G","G","G","G","G","G","G","G","G","G","G","G","G","G","G","G","G","G","G","G","G","G","G","G","G","G","G","G","G","G","G","G","G","G","G","G","G","G","G","G","G","G","G","G","G","G","G","G","G","G","G","G","G","G"],
    "intPopulation":[2,2,0,0,0,0,6,0,0,3,0,0,0,0,0,0,5,0,1,0,0,6,0,0,0,1,1,0,0,0,5,0,0,0,1,1,2,0,2,0,1,1,1,0,5,3,0,0,0,3,0,4,0,0,6,0,5,0,0,0,0,0,0,0],
    "seizType":["","","","","","","Late Spread","","","","","","","","","","","","","","","","","Onset","","Early Spread","","","Onset","","Early Spread","","","","","Onset","","Onset","","","","","","","","","","","","Onset","","Onset","","","","","","","","Late Spread","","","","","","","","","","","","","","","","Very Early Spread","","","","","Onset","","Onset","","","","","","","","","","","","Onset","","Onset","","","","","","","","","","","","","","","","","","","","","","","","","","","","","","",""],
    "fmapG1":[62,46,30,61,43,53,1,17,33,49,2,23,26,27,29,31,33,35,37,39,45,47,44,28,45],
    "fmapG2":[54,38,22,53,45,45,9,25,41,57,10,24,27,28,30,32,34,36,38,40,46,48,36,20,37],
    "fmapThreshold":[11,12,5,12,12,12,2,12,15,15,4,10,15,12,1.5,2,4,10,11,10,12,12,12,4,12],
    "fmapMotor":["","","","Right facial (chin, lip)deviation","","","Right facial deviation and right-sided tongue retraction","Right facial deviation","","","Right-sided tongue retraction","Right facial deviation","","","Right sided tongue deviation","Right facial deviation, tongue retraction","","","","","","","","tongue/face motor",""],
    "fmapSensory":["","","","","","","","","","","","","","","","","","","","","","","","",""],
    "fmapLanguage":["","Auditory naming impairment","Visual naming impairment","","Auditory naming impairment","Speech Arrest","","","Speech Arrest","Speech Arrest","","","","","","","Speech Arrest","","possible impaired comprehension","","","","","",""],
    "fmapVisual":["","","","","","","","","","","","","","","","","","","","","","","","",""],
    "fmapOther":["","","","","","","","","","","","","Intolerable pain on vertex","Intolerable pain on vertex","","","","stimulation at 12mA evoked the patients habitual seizure","","","","","","",""],
    "fmapAfterDischarge":["Yes","Yes","No","Yes","Yes","Yes","No","No","No","No","No","Yes","Yes","Yes","No","No","No","Yes","Yes","Yes","Yes","Yes","Yes","Yes","Yes"]
}