{
    "subjID":"fsMNI",
    "totalSeizType":2,
    "SeizDisplay":["SeizureType3","SeizureType4","intPopulation","funMapping"],
    "elecID":["G01","G02","G03","G04","G05","G06","G07","G08","G09","G10","G11","G12","G13","G14","G15","G16","G17","G18","G19","G20","G21","G22","G23","G24","G25","G26","G27","G28","G29","G30","G31","G32","G33","G34","G35","G36","G37","G38","G39","G40","G41","G42","G43","G44","G45","G46","G47","G48","G49","G50","G51","G52","G53","G54","G55","G56","G57","G58","G59","G60","G61","G62","G63","G64"],
    "coorX":[-37.5, -47.5, -55.83333300000001, -59.3, -62.5, -65.3, -65.5, -65, -40.5, -53.5, -59.3, -63.833332999999996, -66.5, -68, -69.833333, -69.7, -41, -53.16666699999999, -60.5, -65.166667, -67.166667, -69.5, -69.7, -70.5, -43.7, -52.5, -60.5, -63.5, -64.5, -68.5, -70.5, -69.5, -42.5, -52.099999999999994, -58.5, -63.166667000000004, -64.5, -67.3, -67.5, -67.166667, -36.5, -47.3, -56.5, -61.16666699999999, -66.5, -66.5, -68, -67.3, -32.5, -39.83333300000001, -52.5, -58.5, -63.35714299999999, -64.5, -64.5, -64.5, -25.700000000000003, -37.7, -46.5, -53.83333300000001, -60.5, -63.5, -62.5, -59.5],
    "coorY":[-41.5, -41, -39.16666699999999, -38.900000000000006, -37.16666699999999, -35.3, -34.5, -33, -31.5, -29.83333300000001, -27.700000000000003, -27.5, -25.83333300000001, -24, -23.83333300000001, -23.299999999999997, -22, -19.16666699999999, -17.5, -15.83333300000001, -15.16666699999999, -13.166667000000004, -11.700000000000003, -11.5, -10.099999999999994, -7.5, -5.833332999999996, -3.5, -3.5, -3.5, 0.1666670000000039, -0.5, 2.5, 2.3000000000000114, 5.5, 6.16666699999999, 6.83333300000001, 6.300000000000011, 11, 11.5, 12.5, 14.699999999999989, 16.16666699999999, 16.16666699999999, 17.5, 19.5, 21, 22.30000000000001, 24.16666699999999, 24.83333300000001, 26.83333300000001, 28.5, 28.357143000000008, 29.5, 30.5, 33.5, 33.900000000000006, 36.30000000000001, 37.5, 39.5, 39, 40.83333300000001, 40.83333300000001, 41.5],
    "coorZ":[47.5, 38, 26.83333300000001, 16.30000000000001, 2.8333330000000103, -8.099999999999994, -19.5, -33, 49.5, 38.83333300000001, 27.900000000000006, 16.83333300000001, 4.83333300000001, -7, -18.5, -30.099999999999994, 49.5, 41.5, 30.5, 18.16666699999999, 5.5, -7.166667000000004, -17.700000000000003, -29.5, 50.30000000000001, 41.5, 30.16666699999999, 17.5, 5.5, -6.5, -17.166667000000004, -27.5, 51.5, 40.69999999999999, 28.5, 18.5, 6.16666699999999, -6.099999999999994, -17.5, -27.166667000000004, 48.5, 39.900000000000006, 30.16666699999999, 19.5, 8.5, -3.5, -13.5, -25.299999999999997, 50.16666700000002, 42.16666699999999, 30.16666699999999, 20.5, 10.357143000000008, -1.5, -13.5, -22.5, 48.30000000000001, 40.30000000000001, 30.5, 18.83333300000001, 10.5, -1.166667000000004, -11.833332999999996, -22.5],
    "elecType":["G","G","G","G","G","G","G","G","G","G","G","G","G","G","G","G","G","G","G","G","G","G","G","G","G","G","G","G","G","G","G","G","G","G","G","G","G","G","G","G","G","G","G","G","G","G","G","G","G","G","G","G","G","G","G","G","G","G","G","G","G","G","G","G"],
    "intPopulation":[2,2,0,0,0,0,6,0,0,3,0,0,0,0,0,0,5,0,1,0,0,6,0,0,0,1,1,0,0,0,5,0,0,0,1,1,2,0,2,0,1,1,1,0,5,3,0,0,0,3,0,4,0,0,6,0,5,0,0,0,0,0,0,0],
    "SeizureType3":["","","","Late Spread","","","","","","","","","","","Onset","Early Spread","","","","","","","","","","","","","","","","","","","","","","","","","Onset","Onset","","","","","","Onset","Onset","","","","","","","","","","","","","","",""],
    "SeizureType4":["","","","","","","","","","","","Onset","Early Spread","","","","","Onset","Onset","","","","","","Onset","Onset","","","","Late Spread","","","","","","","","Very Early Spread","","","","","","","","","","","","","","","","","","","","","","","","","",""],
    "fmapG1":[62,46,30,61,43,53,1,17,33,49,2,23,26,27,29,31,33,35,37,39,45,47,44,28,45],
    "fmapG2":[54,38,22,53,45,45,9,25,41,57,10,24,27,28,30,32,34,36,38,40,46,48,36,20,37],
    "fmapThreshold":[11,12,5,12,12,12,2,12,15,15,4,10,15,12,1.5,2,4,10,11,10,12,12,12,4,12],
    "fmapMotor":["","","","Right facial (chin, lip)deviation","","","Right facial deviation and right-sided tongue retraction","Right facial deviation","","","Right-sided tongue retraction","Right facial deviation","","","Right sided tongue deviation","Right facial deviation, tongue retraction","","","","","","","","tongue/face motor",""],
    "fmapSensory":["","","","","","","","","","","","","","","","","","","","","","","","",""],
    "fmapLanguage":["","Auditory naming impairment","Visual naming impairment","","Auditory naming impairment","Speech Arrest","","","Speech Arrest","Speech Arrest","","","","","","","Speech Arrest","","possible impaired comprehension","","","","","",""],
    "fmapVisual":["","","","","","","","","","","","","","","","","","","","","","","","",""],
    "fmapOther":["","","","","","","","","","","","","Intolerable pain on vertex","Intolerable pain on vertex","","","","stimulation at 12mA evoked the patients habitual seizure","","","","","","",""],
    "fmapAfterDischarge":["Yes","Yes","No","Yes","Yes","Yes","No","No","No","No","No","Yes","Yes","Yes","No","No","No","Yes","Yes","Yes","Yes","Yes","Yes","Yes","Yes"]
}