{"subjID":"fsMNI","totalSeizType":2,"SeizDisplay":["seizureType3","seizureType4","intPopulation","funMapping"],"elecID":["G01","G02","G03","G04","G05","G06","G07","G08","G09","G10","G11","G12","G13","G14","G15","G16","G17","G18","G19","G20","G21","G22","G23","G24","G25","G26","G27","G28","G29","G30","G31","G32","G33","G34","G35","G36","G37","G38","G39","G40","G41","G42","G43","G44","G45","G46","G47","G48","G49","G50","G51","G52","G53","G54","G55","G56","G57","G58","G59","G60","G61","G62","G63","G64"],"coorX":[-39,-49,-57.333333,-60.8,-64,-66.8,-67,-66.5,-42,-55,-60.8,-65.333333,-68,-69.5,-71.333333,-71.2,-42.5,-54.666667,-62,-66.666667,-68.666667,-71,-71.2,-72,-45.2,-54,-62,-65,-66,-70,-72,-71,-44,-53.6,-60,-64.666667,-66,-68.8,-69,-68.666667,-38,-48.8,-58,-62.666667,-68,-68,-69.5,-68.8,-34,-41.333333,-54,-60,-64.857143,-66,-66,-66,-27.2,-39.2,-48,-55.333333,-62,-65,-64,-61],"coorY":[-59,-58.5,-56.666667,-56.4,-54.666667,-52.8,-52,-50.5,-49,-47.333333,-45.2,-45,-43.333333,-41.5,-41.333333,-40.8,-39.5,-36.666667,-35,-33.333333,-32.666667,-30.666667,-29.2,-29,-27.6,-25,-23.333333,-21,-21,-21,-17.333333,-18,-15,-15.2,-12,-11.333333,-10.666667,-11.2,-6.5,-6,-5,-2.8,-1.333333,-1.333333,0,2,3.5,4.8,6.666667,7.333333,9.333333,11,10.857143,12,13,16,16.4,18.8,20,22,21.5,23.333333,23.333333,24],"coorZ":[66,56.5,45.333333,34.8,21.333333,10.4,-1,-14.5,68,57.333333,46.4,35.333333,23.333333,11.5,0,-11.6,68,60,49,36.666667,24,11.333333,0.8,-11,68.8,60,48.666667,36,24,12,1.333333,-9,70,59.2,47,37,24.666667,12.4,1,-8.666667,67,58.4,48.666667,38,27,15,5,-6.8,68.666667,60.666667,48.666667,39,28.857143,17,5,-4,66.8,58.8,49,37.333333,29,17.333333,6.666667,-4],"elecType":["G","G","G","G","G","G","G","G","G","G","G","G","G","G","G","G","G","G","G","G","G","G","G","G","G","G","G","G","G","G","G","G","G","G","G","G","G","G","G","G","G","G","G","G","G","G","G","G","G","G","G","G","G","G","G","G","G","G","G","G","G","G","G","G"],"intPopulation":[2,2,0,0,0,0,6,0,0,3,0,0,0,0,0,0,5,0,1,0,0,6,0,0,0,1,1,0,0,0,5,0,0,0,1,1,2,0,2,0,1,1,1,0,5,3,0,0,0,3,0,4,0,0,6,0,5,0,0,0,0,0,0,0],"seizType":["","","","","","","Late Spread","","","","","","","","","","","","","","","","","Onset","","Early Spread","","","Onset","","Early Spread","","","","","Onset","","Onset","","","","","","","","","","","","Onset","","Onset","","","","","","","","Late Spread","","","","","","","","","","","","","","","","Very Early Spread","","","","","Onset","","Onset","","","","","","","","","","","","Onset","","Onset","","","","","","","","","","","","","","","","","","","","","","","","","","","","","","",""],"fmapG1":[62,46,30,61,43,53,1,17,33,49,2,23,26,27,29,31,33,35,37,39,45,47,44,28,45],"fmapG2":[54,38,22,53,45,45,9,25,41,57,10,24,27,28,30,32,34,36,38,40,46,48,36,20,37],"fmapThreshold":[11,12,5,12,12,12,2,12,15,15,4,10,15,12,1.5,2,4,10,11,10,12,12,12,4,12],"fmapMotor":["","","","Right facial (chin, lip)deviation","","","Right facial deviation and right-sided tongue retraction","Right facial deviation","","","Right-sided tongue retraction","Right facial deviation","","","Right sided tongue deviation","Right facial deviation, tongue retraction","","","","","","","","tongue/face motor",""],"fmapSensory":["","","","","","","","","","","","","","","","","","","","","","","","",""],"fmapLanguage":["","Auditory naming impairment","Visual naming impairment","","Auditory naming impairment","Speech Arrest","","","Speech Arrest","Speech Arrest","","","","","","","Speech Arrest","","possible impaired comprehension","","","","","",""],"fmapVisual":["","","","","","","","","","","","","","","","","","","","","","","","",""],"fmapOther":["","","","","","","","","","","","","Intolerable pain on vertex","Intolerable pain on vertex","","","","stimulation at 12mA evoked the patients habitual seizure","","","","","","",""],"fmapAfterDischarge":["Yes","Yes","No","Yes","Yes","Yes","No","No","No","No","No","Yes","Yes","Yes","No","No","No","Yes","Yes","Yes","Yes","Yes","Yes","Yes","Yes"]}