{"subjID":"fsMNI","totalSeizType":2,"SeizDisplay":["SeizureType3","SeizureType4","intPopulation","funMapping"],"elecID":["G01","G02","G03","G04","G05","G06","G07","G08","G09","G10","G11","G12","G13","G14","G15","G16","G17","G18","G19","G20","G21","G22","G23","G24","G25","G26","G27","G28","G29","G30","G31","G32","G33","G34","G35","G36","G37","G38","G39","G40","G41","G42","G43","G44","G45","G46","G47","G48","G49","G50","G51","G52","G53","G54","G55","G56","G57","G58","G59","G60","G61","G62","G63","G64"],"coorX":[-166.5,-176.5,-184.833333,-188.3,-191.5,-194.3,-194.5,-194,-169.5,-182.5,-188.3,-192.833333,-195.5,-197,-198.833333,-198.7,-170,-182.166667,-189.5,-194.166667,-196.166667,-198.5,-198.7,-199.5,-172.7,-181.5,-189.5,-192.5,-193.5,-197.5,-199.5,-198.5,-171.5,-181.1,-187.5,-192.166667,-193.5,-196.3,-196.5,-196.166667,-165.5,-176.3,-185.5,-190.166667,-195.5,-195.5,-197,-196.3,-161.5,-168.833333,-181.5,-187.5,-192.357143,-193.5,-193.5,-193.5,-154.7,-166.7,-175.5,-182.833333,-189.5,-192.5,-191.5,-188.5],"coorY":[-186.5,-186,-184.166667,-183.9,-182.166667,-180.3,-179.5,-178,-176.5,-174.833333,-172.7,-172.5,-170.833333,-169,-168.833333,-168.3,-167,-164.166667,-162.5,-160.833333,-160.166667,-158.166667,-156.7,-156.5,-155.1,-152.5,-150.833333,-148.5,-148.5,-148.5,-144.833333,-145.5,-142.5,-142.7,-139.5,-138.833333,-138.166667,-138.7,-134,-133.5,-132.5,-130.3,-128.833333,-128.833333,-127.5,-125.5,-124,-122.7,-120.833333,-120.166667,-118.166667,-116.5,-116.642857,-115.5,-114.5,-111.5,-111.1,-108.7,-107.5,-105.5,-106,-104.166667,-104.166667,-103.5],"coorZ":[-61.5,-71,-82.166667,-92.7,-106.166667,-117.1,-128.5,-142,-59.5,-70.166667,-81.1,-92.166667,-104.166667,-116,-127.5,-139.1,-59.5,-67.5,-78.5,-90.833333,-103.5,-116.166667,-126.7,-138.5,-58.7,-67.5,-78.833333,-91.5,-103.5,-115.5,-126.166667,-136.5,-57.5,-68.3,-80.5,-90.5,-102.833333,-115.1,-126.5,-136.166667,-60.5,-69.1,-78.833333,-89.5,-100.5,-112.5,-122.5,-134.3,-58.833333,-66.833333,-78.833333,-88.5,-98.642857,-110.5,-122.5,-131.5,-60.7,-68.7,-78.5,-90.166667,-98.5,-110.166667,-120.833333,-131.5],"elecType":["G","G","G","G","G","G","G","G","G","G","G","G","G","G","G","G","G","G","G","G","G","G","G","G","G","G","G","G","G","G","G","G","G","G","G","G","G","G","G","G","G","G","G","G","G","G","G","G","G","G","G","G","G","G","G","G","G","G","G","G","G","G","G","G"],"intPopulation":[2,2,0,0,0,0,6,0,0,3,0,0,0,0,0,0,5,0,1,0,0,6,0,0,0,1,1,0,0,0,5,0,0,0,1,1,2,0,2,0,1,1,1,0,5,3,0,0,0,3,0,4,0,0,6,0,5,0,0,0,0,0,0,0],"SeizureType3":["","","","Late Spread","","","","","","","","","","","Onset","Early Spread","","","","","","","","","","","","","","","","","","","","","","","","","Onset","Onset","","","","","","Onset","Onset","","","","","","","","","","","","","","",""],"SeizureType4":["","","","","","","","","","","","Onset","Early Spread","","","","","Onset","Onset","","","","","","Onset","Onset","","","","Late Spread","","","","","","","","Very Early Spread","","","","","","","","","","","","","","","","","","","","","","","","","",""],"fmapG1":[62,46,30,61,43,53,1,17,33,49,2,23,26,27,29,31,33,35,37,39,45,47,44,28,45],"fmapG2":[54,38,22,53,45,45,9,25,41,57,10,24,27,28,30,32,34,36,38,40,46,48,36,20,37],"fmapThreshold":[11,12,5,12,12,12,2,12,15,15,4,10,15,12,1.5,2,4,10,11,10,12,12,12,4,12],"fmapMotor":["","","","Right facial (chin, lip)deviation","","","Right facial deviation and right-sided tongue retraction","Right facial deviation","","","Right-sided tongue retraction","Right facial deviation","","","Right sided tongue deviation","Right facial deviation, tongue retraction","","","","","","","","tongue/face motor",""],"fmapSensory":["","","","","","","","","","","","","","","","","","","","","","","","",""],"fmapLanguage":["","Auditory naming impairment","Visual naming impairment","","Auditory naming impairment","Speech Arrest","","","Speech Arrest","Speech Arrest","","","","","","","Speech Arrest","","possible impaired comprehension","","","","","",""],"fmapVisual":["","","","","","","","","","","","","","","","","","","","","","","","",""],"fmapOther":["","","","","","","","","","","","","Intolerable pain on vertex","Intolerable pain on vertex","","","","stimulation at 12mA evoked the patients habitual seizure","","","","","","",""],"fmapAfterDischarge":["Yes","Yes","No","Yes","Yes","Yes","No","No","No","No","No","Yes","Yes","Yes","No","No","No","Yes","Yes","Yes","Yes","Yes","Yes","Yes","Yes"]}