{"subjID":"Sample_ver0.1","totalSeizType":1,"SeizDisplay":["seizType","intPopulation","funMapping"],"elecID":["G01","G02","G03","G04","G05","G06","G07","G08","G09","G10","G11","G12","G13","G14","G15","G16","G17","G18","G19","G20","G21","G22","G23","G24","G25","G26","G27","G28","G29","G30","G31","G32","G33","G34","G35","G36","G37","G38","G39","G41","G42","G43","G44","G45","G46","G47","G49","G50","G51","G52","G53","G54","G57","G58","G59","G60","G61","G62","IF04","IF03","IF02","IF01","AF01","AF02","AF03","AF04","AF05","AF06","PO01","PO02","PO03","PO04","PO05","PO06","PO07","PO08","DAL01","DAL02","DAL03","DAL04","DAL05","DAL06","DAL07","DAL08","DIL01","DIL02","DIL03","DIL04","DIL05","DL01","DL02","DL03","DL04","DL05","DL06","DL07","DL08","DPL01","DPL02","DPL03","DPL04","DPL05","DPL06","DPL07","DPL08","DSL01","DSL02","DSL03","DSL04","DSL05","DSL06","DSL07","DSL08"],"coorX":[-34.487446,-44.980419,-55.059143,-61.182529,-64.092781,-66.338387,-65.826027,-65.086998,-33.456219,-44.779007,-53.14069,-58.967628,-63.012966,-64.054573,-63.972885,-64.603447,-34.886364,-43.199451,-51.187176,-56.06881,-59.450848,-60.154797,-61.757076,-62.607159,-34.143764,-42.047382,-48.561699,-52.584221,-55.356033,-55.788853,-56.421619,-56.650944,-31.711954,-39.812374,-46.86451,-50.979736,-52.633209,-52.367844,-51.269619,-27.157948,-35.935974,-42.683037,-47.692024,-50.312096,-49.17094,-46.497387,-22.752834,-31.735119,-38.327721,-43.257446,-45.677876,-44.611511,-17.506184,-25.530394,-32.918507,-38.275112,-40.755272,-41.78236,-40.431347,-32.742241,-21.079817,-11.929891,8.617244,7.904613,2.545006,-5.279553,-12.430342,-18.749172,-17.090292,-24.348635,-31.168858,-36.155212,-41.102642,-43.917377,-48.302357,-49.555416,6,1.428571,-3.142857,-7.714286,-12.285714,-16.857143,-21.428571,-26,-7,-15.25,-23.5,-31.75,-40,-10,-14.714286,-19.428571,-24.142857,-28.857143,-33.571429,-38.285714,-43,2,-2.714286,-7.428571,-12.142857,-16.857143,-21.571429,-26.285714,-31,13,8.857143,4.714286,0.571429,-3.571429,-7.714286,-11.857143,-16],"coorY":[-21.274218,-19.022665,-17.148115,-14.767766,-13.463357,-12.039046,-11.743881,-11.073524,-11.285272,-8.704151,-6.718171,-4.90883,-2.996575,-2.315765,-1.635821,-0.89029,-1.344694,1.252726,3.260697,5.278826,6.537622,7.584771,7.974953,8.939204,8.541259,11.317,13.548306,15.336384,16.315504,17.137609,17.724693,18.263601,18.126757,20.911404,23.393579,24.909359,26.331869,26.446381,26.544468,27.823296,31.21423,33.078316,35.147957,36.593231,35.782795,35.889549,36.744904,40.139149,42.198818,44.390778,45.310215,45.25,45.187408,48.970581,51.303841,53.526436,54.214149,55.392857,55.759956,57.879784,58.127735,55.702724,66.043777,70.730537,73.525658,69.524513,65.116486,57.744362,-71.69136,-69.476028,-63.019737,-55.475922,-47.758755,-38.702362,-30.294516,-19.784773,23,24.571429,26.142857,27.714286,29.285714,30.857143,32.428571,34,12,14.75,17.5,20.25,23,12,13.142857,14.285714,15.428571,16.571429,17.714286,18.857143,20,-13,-12,-11,-10,-9,-8,-7,-6,-1,0.285714,1.571429,2.857143,4.142857,5.428571,6.714286,8],"coorZ":[48.651531,42.233738,35.537331,26.934883,17.63777,8.042907,-2.89295,-12.80114,49.590576,43.624653,35.592991,27.351727,18.108675,8.277059,-2.684762,-11.77469,51.496635,43.96545,36.912476,27.80154,18.10771,7.918403,-1.672971,-11.932661,52.226665,45.549778,36.825607,27.808769,18.225183,7.975975,-1.801833,-11.770152,52.785591,45.970322,37.672966,28.330338,18.430317,8.487905,-2.590001,52.448502,45.730438,37.729759,28.304565,18.566471,8.004839,-2.031842,52.364971,45.710484,37.131294,28.876678,19.005798,8.060094,51.548687,44.290138,36.552235,27.98724,18.12995,8.573977,2.118634,-7.301847,-8.367157,-9.36051,17.833874,26.893429,36.197323,42.144604,44.062592,45.243523,15.170178,20.983395,26.668909,30.306328,35.105026,36.012928,37.813683,39.216949,23,24.285714,25.571429,26.857143,28.142857,29.428571,30.714286,32,10,10.5,11,11.5,12,23,24.142857,25.285714,26.428571,27.571429,28.714286,29.857143,31,21,22.285714,23.571429,24.857143,26.142857,27.428571,28.714286,30,24,26.428571,28.857143,31.285714,33.714286,36.142857,38.571429,41],"elecType":["G","G","G","G","G","G","G","G","G","G","G","G","G","G","G","G","G","G","G","G","G","G","G","G","G","G","G","G","G","G","G","G","G","G","G","G","G","G","G","G","G","G","G","G","G","G","G","G","G","G","G","G","G","G","G","G","G","G","S","S","S","S","S","S","S","S","S","S","S","S","S","S","S","S","S","S","D","D","D","D","D","D","D","D","D","D","D","D","D","D","D","D","D","D","D","D","D","D","D","D","D","D","D","D","D","D","D","D","D","D","D","D","D"],"intPopulation":[0,0,0,0,0,0,0,0,0,0,0,0,0,0,0,0,0,0,1,0,0,0,0,0,0,1,1,0,0,0,0,0,0,0,1,1,0,0,0,0,1,1,1,0,0,0,0,0,0,0,0,0,0,0,0,0,0,0,0,0,0,0,0,0,0,0,0,0,0,0,0,0,0,0,0,0,0,0,0,0,0,0,2,2,0,0,0,0,0,0,0,0,0,0,0,2,0,0,0,0,0,0,0,0,0,0,0,0,0,0,0,0,2],"seizType":["","","","","","","","","","","","","","","","","","","","","","","","","","","","","","","","","","","Onset","Early Spread","","","","","Onset","Onset","","","","","","Onset","Onset","","","","","","","","","","","","","","","","","","","","","","","","","","","","","","","","","","Onset","Onset","","","","","","","","","","","","Onset","","","","","","","","","","","","","","","","",""],"fmapG1":[58,45,30,57,42,51,1,17,33,47,2,18,34,48,3,19,27,35,42,49,56,50,43,28,44,84],"fmapG2":[52,38,22,51,44,44,9,25,40,53,10,26,41,54,11,27,35,42,49,55,50,43,36,20,37,83],"fmapThreshold":[11,12,5,12,12,12,2,12,15,15,4,10,15,12,1.5,2,4,10,11,10,12,12,12,4,12,6],"fmapMotor":["","","tongue deviation","","","","elbow flexion","","","","hand motor","","","","finger motor","tongue/laryngeal motor","","","","","","","","tongue/face motor","",""],"fmapSensory":["","","","","","","","","","","","","","","finger sensory","","","","","","","","","","",""],"fmapLanguage":["possible auditory naming dysfunction","auditory namining","","","visual naming","","","","","","","","","","","","speech arrest","","possible impaired comprehension","","","","","","",""],"fmapVisual":["","","","","","","","","","","","","","","","","","","","","","","","","",""],"fmapOther":["","","","","","perseveration with presented visual naming objects; named correctly with longer interstimulus intervals","","right gaze deviation","","","","head version; atypical focal seizure with impaired awareness","","","","","","stimulation at 12mA evoked the patients habitual seizure","","","","","","","","habitual aura of electric sensation of right arm"],"fmapAfterDischarge":["Yes","Yes","No","Yes","Yes","Yes","No","No","No","No","No","Yes","Yes","Yes","No","No","No","Yes","Yes","Yes","Yes","Yes","Yes","Yes","Yes","Yes"]}